ENERGY,POST,POSTUNC,RELPOSTUNC
2.53e-08,3.763493502011428,0.004885645572867863,0.001298167665297334
