NODE,REAC,POST,POSTUNC,RELPOSTUNC
sacs_u5,MT:6-R1:8,1.2251972992861988,0.003467839059380924,0.002830433156685287
sacs_pu9,MT:6-R1:9,1.8063822551176594,0.006055716972615943,0.0033524006092616877
sacs_pu9/u5,MT:10-R1:9-R2:8,1.4707682745570563,0.0033673685212263116,0.002289530294798101
sacs_u5/pu9,MT:10-R1:8-R2:9,0.6799167600356112,0.0015566900200425036,0.0022895302947981023
