ENERGY,POST,POSTUNC,RELPOSTUNC
2.53e-08,2.9398571029701044,0.00644451638221638,0.002192118921598454
