ENERGY,POST,POSTUNC,RELPOSTUNC
2.53e-08,2.87746580663546,0.006009986851710595,0.0020886388425021473
