ENERGY,POST,POSTUNC,RELPOSTUNC
2.53e-08,12.227222685520935,0.6935446289660916,0.056721354211317646
