ENERGY,POST,POSTUNC,RELPOSTUNC
2.53e-08,361.7944011100033,6.151121322582901,0.017001704016731473
