ENERGY,POST,POSTUNC,RELPOSTUNC
2.53e-08,7.783481814224847,0.9628583552484241,0.12370535169604102
