ENERGY,POST,POSTUNC,RELPOSTUNC
2.53e-08,14.089104709466937,0.21990906033489302,0.015608448149805347
