ENERGY,POST,POSTUNC,RELPOSTUNC
2.53e-08,1.044,0.0019836000000000003,0.0019000000000000002
