ENERGY,POST,POSTUNC,RELPOSTUNC
2.53e-08,7.78142762660056,0.9626045629136608,0.12370539303392454
