ENERGY,POST,POSTUNC,RELPOSTUNC
2.53e-08,3.7634720234724583,0.004885619777096937,0.0012981682198315112
