NODE,REAC,POST,POSTUNC,RELPOSTUNC
sacs_u5,MT:6-R1:8,1.224775749076895,0.0034662081698700466,0.0028300757689581164
sacs_pu9,MT:6-R1:9,1.805102192507357,0.006056234199015031,0.0033550644523913003
sacs_pu9/u5,MT:10-R1:9-R2:8,1.470277586966009,0.003369068266426869,0.002291450469145156
sacs_u5/pu9,MT:10-R1:8-R2:9,0.6801436741367661,0.0015585155411868062,0.002291450469145161
