ENERGY,POST,POSTUNC,RELPOSTUNC
2.53e-08,2.8774211013261106,0.006009906692184163,0.0020886434347111692
