ENERGY,POST,POSTUNC,RELPOSTUNC
2.53e-08,41.90858555828264,1.7446735231347557,0.04163045590523266
