ENERGY,POST,POSTUNC,RELPOSTUNC
2.53e-08,0.9778,0.0008800199999999999,0.0008999999999999999
