ENERGY,POST,POSTUNC,RELPOSTUNC
2.53e-08,270.43137583756203,3.14259664915386,0.011620680623395933
