ENERGY,POST,POSTUNC,RELPOSTUNC
2.53e-08,2.424937045915245,0.0045205353454909405,0.0018641866819205416
