ENERGY,POST,POSTUNC,RELPOSTUNC
2.53e-08,11.92702271429008,2.5742263150643123,0.21583142555602447
