ENERGY,POST,POSTUNC,RELPOSTUNC
2.53e-08,1023.7988610267702,10.80669475063888,0.010555486201460334
