ENERGY,POST,POSTUNC,RELPOSTUNC
2.53e-08,14.090568038522552,0.21993176703466452,0.015608438668575152
