ENERGY,POST,POSTUNC,RELPOSTUNC
2.53e-08,12.230686755433421,0.6937407782771304,0.056721326622884816
