ENERGY,POST,POSTUNC,RELPOSTUNC
2.53e-08,270.4399761279433,3.142696350142228,0.011620679735067866
