ENERGY,POST,POSTUNC,RELPOSTUNC
2.53e-08,99.2679271225686,2.030038492506738,0.020450094520460756
