ENERGY,POST,POSTUNC,RELPOSTUNC
2.53e-08,2.48521207326173,0.0054481416368650365,0.0021922240341101327
