ENERGY,POST,POSTUNC,RELPOSTUNC
2.53e-08,534.499442417059,2.403086846549131,0.0044959576303431415
