ENERGY,POST,POSTUNC,RELPOSTUNC
2.53e-08,2.939900717306656,0.0064446043594708355,0.0021921163260829294
