ENERGY,POST,POSTUNC,RELPOSTUNC
2.53e-08,11.928743838606657,2.5745977183942412,0.21583141973941228
