ENERGY,POST,POSTUNC,RELPOSTUNC
2.53e-08,534.546226879753,2.4033147704342532,0.004495990523519087
