ENERGY,POST,POSTUNC,RELPOSTUNC
2.53e-08,361.8013183828209,6.151239201072656,0.0170017047714681
