ENERGY,POST,POSTUNC,RELPOSTUNC
2.53e-08,41.90646029822292,1.7445851887084634,0.04163045927270655
