ENERGY,POST,POSTUNC,RELPOSTUNC
2.53e-08,1023.9180681110943,10.808001646765767,0.010555533673416053
