ENERGY,POST,POSTUNC,RELPOSTUNC
2.53e-08,99.27832314189052,2.030251922028286,0.02045010288022905
