ENERGY,POST,POSTUNC,RELPOSTUNC
2.53e-08,2.4248774204770283,0.004520435730175395,0.0018641914399475594
