ENERGY,POST,POSTUNC,RELPOSTUNC
2.53e-08,2.4852454537749518,0.005448210895112261,0.002192222457076313
