ENERGY,POST,POSTUNC,RELPOSTUNC
2.53e-08,-0.0023759874053725927,2.540757729742856,
