ENERGY,POST,POSTUNC,RELPOSTUNC
2.53e-08,-2.092742810100301e-05,0.6937263754314665,
