ENERGY,POST,POSTUNC,RELPOSTUNC
2.53e-08,-6.167578153615239e-05,2.574438622487573,
