ENERGY,POST,POSTUNC,RELPOSTUNC
2.53e-08,0.0014716998476869136,6.131044713790593,
