ENERGY,POST,POSTUNC,RELPOSTUNC
2.53e-08,-3.406213951351322e-05,1.7446127310572033,
