ENERGY,POST,POSTUNC,RELPOSTUNC
2.53e-08,0.0009702162086557831,0.9631465386021509,
