ENERGY,POST,POSTUNC,RELPOSTUNC
2.53e-08,0.0002623746354586398,0.6937263754314665,
