ENERGY,POST,POSTUNC,RELPOSTUNC
2.53e-08,0.0004843267874226065,0.9626737192045861,
