ENERGY,POST,POSTUNC,RELPOSTUNC
2.53e-08,0.07079888934583911,0.9309991409312375,
