ENERGY,POST,POSTUNC,RELPOSTUNC
2.53e-08,-0.00010495122276366065,2.0295524375549316,
