ENERGY,POST,POSTUNC,RELPOSTUNC
2.53e-08,0.00017848208673343358,0.006417524537672731,
