ENERGY,POST,POSTUNC,RELPOSTUNC
2.53e-08,0.00036931704248099884,0.22000508348111789,
