ENERGY,POST,POSTUNC,RELPOSTUNC
2.53e-08,-0.0031086033097407206,2.237284617193881,
