ENERGY,POST,POSTUNC,RELPOSTUNC
2.53e-08,4.2563723190447433e-07,0.0045205483120490005,
