ENERGY,POST,POSTUNC,RELPOSTUNC
2.53e-08,-0.00022611797720195614,0.9626405448568469,
