ENERGY,POST,POSTUNC,RELPOSTUNC
2.53e-08,-0.003115262422194731,2.2373777634316223,
