ENERGY,POST,POSTUNC,RELPOSTUNC
2.53e-08,6.198193572015676e-05,0.0059221856891669205,
