ENERGY,POST,POSTUNC,RELPOSTUNC
2.53e-08,0.0015492905560576808,6.131575397708002,
