ENERGY,POST,POSTUNC,RELPOSTUNC
2.53e-08,4.421702657353421e-06,0.21993286226129574,
