ENERGY,POST,POSTUNC,RELPOSTUNC
2.53e-08,-0.0027574466258876162,0.6913816691426635,
