ENERGY,POST,POSTUNC,RELPOSTUNC
2.53e-08,0.00030196771050294835,0.21998152427800174,
