ENERGY,POST,POSTUNC,RELPOSTUNC
2.53e-08,-3.1336039496565604e-06,0.0064445891061737665,
