ENERGY,POST,POSTUNC,RELPOSTUNC
2.53e-08,6.414162362444742e-05,0.005921972205418815,
