ENERGY,POST,POSTUNC,RELPOSTUNC
2.53e-08,0.00023717841979475907,0.004510261706238186,
