ENERGY,POST,POSTUNC,RELPOSTUNC
2.53e-08,1.2388718577449609e-05,0.005448207066600329,
