ENERGY,POST,POSTUNC,RELPOSTUNC
2.53e-08,0.001972075231055914,1.3133964502603208,
