ENERGY,POST,POSTUNC,RELPOSTUNC
2.53e-08,0.0001949085376706794,0.0064176183617438015,
