ENERGY,POST,POSTUNC,RELPOSTUNC
2.53e-08,0.001925393786484042,1.313330373974518,
