ENERGY,POST,POSTUNC,RELPOSTUNC
2.53e-08,0.0021730165992821515,0.9642409953604311,
