ENERGY,POST,POSTUNC,RELPOSTUNC
2.53e-08,-1.1259325530144082e-05,6.151160813521697,
