ENERGY,POST,POSTUNC,RELPOSTUNC
2.53e-08,4.889898472648646e-05,10.806928454574054,
