ENERGY,POST,POSTUNC,RELPOSTUNC
2.53e-08,4.244575470324641e-05,0.005922473912818642,
