ENERGY,POST,POSTUNC,RELPOSTUNC
2.53e-08,-8.053439504318582e-05,2.4031070563214834,
