ENERGY,POST,POSTUNC,RELPOSTUNC
2.53e-08,7.859806530952085e-06,6.151160813521697,
