ENERGY,POST,POSTUNC,RELPOSTUNC
2.53e-08,-0.00046986585503228095,10.806181661320032,
