ENERGY,POST,POSTUNC,RELPOSTUNC
2.53e-08,0.0019979204823821206,1.313336888571562,
