ENERGY,POST,POSTUNC,RELPOSTUNC
2.53e-08,0.0008375434296783446,0.005335349939308202,
