ENERGY,POST,POSTUNC,RELPOSTUNC
2.53e-08,-0.0029755516313220154,2.237643187048862,
