ENERGY,POST,POSTUNC,RELPOSTUNC
2.53e-08,-0.0004603622527985518,2.573041420445175,
