ENERGY,POST,POSTUNC,RELPOSTUNC
2.53e-08,0.0002426208606041147,0.0045108999771722455,
