ENERGY,POST,POSTUNC,RELPOSTUNC
2.53e-08,8.18926140466747e-05,0.21993671015771962,
