ENERGY,POST,POSTUNC,RELPOSTUNC
2.53e-08,-6.752919165053939e-05,10.806928454574054,
