ENERGY,POST,POSTUNC,RELPOSTUNC
2.53e-08,4.9251554004037246e-06,0.004885643461170627,
