ENERGY,POST,POSTUNC,RELPOSTUNC
2.53e-08,0.07076821759348584,0.9309757734995757,
