ENERGY,POST,POSTUNC,RELPOSTUNC
2.53e-08,0.0015230092290576813,6.131419760748501,
