ENERGY,POST,POSTUNC,RELPOSTUNC
2.53e-08,-5.174391302320558e-05,3.1425326088824224,
