ENERGY,POST,POSTUNC,RELPOSTUNC
2.53e-08,-2.3534374515854495e-07,2.0295524375549316,
