ENERGY,POST,POSTUNC,RELPOSTUNC
2.53e-08,-0.00046793211289175574,10.807519031435817,
