ENERGY,POST,POSTUNC,RELPOSTUNC
2.53e-08,0.0002513059164463982,0.004510906310372005,
