ENERGY,POST,POSTUNC,RELPOSTUNC
2.53e-08,-0.00035181051902422045,10.81133187731822,
