ENERGY,POST,POSTUNC,RELPOSTUNC
2.53e-08,0.00032887298811812293,0.21999667905451342,
