ENERGY,POST,POSTUNC,RELPOSTUNC
2.53e-08,0.002287157410958418,1.3137574668573173,
