ENERGY,POST,POSTUNC,RELPOSTUNC
2.53e-08,1.1701878985137526e-05,0.0064445891061737665,
