ENERGY,POST,POSTUNC,RELPOSTUNC
2.53e-08,0.00018931523345089296,0.0064176065590053856,
