ENERGY,POST,POSTUNC,RELPOSTUNC
2.53e-08,-0.002390267665718482,2.5406624231133486,
