ENERGY,POST,POSTUNC,RELPOSTUNC
2.53e-08,0.001607245264594992,0.9636637838774307,
