ENERGY,POST,POSTUNC,RELPOSTUNC
2.53e-08,-0.002264744807181529,0.6917243772281122,
