ENERGY,POST,POSTUNC,RELPOSTUNC
2.53e-08,3.7808288527951817e-05,0.9626405448568469,
