ENERGY,POST,POSTUNC,RELPOSTUNC
2.53e-08,-1.9943441121772487e-05,3.1425326088824224,
