ENERGY,POST,POSTUNC,RELPOSTUNC
2.53e-08,7.777370454720156e-05,0.004879930114011641,
