ENERGY,POST,POSTUNC,RELPOSTUNC
2.53e-08,6.98111092876097e-05,0.004879894480863187,
