ENERGY,POST,POSTUNC,RELPOSTUNC
2.53e-08,7.703803569736323e-05,0.004879931608417935,
