ENERGY,POST,POSTUNC,RELPOSTUNC
2.53e-08,-1.0429232401021338e-06,0.005448207066600329,
