ENERGY,POST,POSTUNC,RELPOSTUNC
2.53e-08,0.0008346958386142855,0.005335291967282598,
