ENERGY,POST,POSTUNC,RELPOSTUNC
2.53e-08,-0.00030411221548809486,2.5734396684486884,
