ENERGY,POST,POSTUNC,RELPOSTUNC
2.53e-08,-0.0022921654748622178,0.6917029191295267,
