ENERGY,POST,POSTUNC,RELPOSTUNC
2.53e-08,-0.0002979530509706896,2.573456875183548,
