ENERGY,POST,POSTUNC,RELPOSTUNC
2.53e-08,-0.003104522519220221,2.237411278662777,
