ENERGY,POST,POSTUNC,RELPOSTUNC
2.53e-08,-0.0005661363101179262,2.572768900740947,
