ENERGY,POST,POSTUNC,RELPOSTUNC
2.53e-08,0.0014861305831304072,6.13110156514766,
