ENERGY,POST,POSTUNC,RELPOSTUNC
2.53e-08,-0.0002725509571798179,10.811960524175177,
