ENERGY,POST,POSTUNC,RELPOSTUNC
2.53e-08,-0.002395891364457281,2.540712333355058,
