ENERGY,POST,POSTUNC,RELPOSTUNC
2.53e-08,8.261092800943004e-06,0.0060099480685314515,
