ENERGY,POST,POSTUNC,RELPOSTUNC
2.53e-08,0.00019056959699637055,0.006417617909959848,
