ENERGY,POST,POSTUNC,RELPOSTUNC
2.53e-08,0.07091418129863558,0.9311014723028178,
