ENERGY,POST,POSTUNC,RELPOSTUNC
2.53e-08,7.735033753353271e-05,0.004879932456397745,
