ENERGY,POST,POSTUNC,RELPOSTUNC
2.53e-08,8.26199246191095e-05,2.574438622487573,
