ENERGY,POST,POSTUNC,RELPOSTUNC
2.53e-08,1.6650510843874144e-05,1.7446127310572033,
