ENERGY,POST,POSTUNC,RELPOSTUNC
2.53e-08,-0.0023040179073877676,0.6916973551705616,
