ENERGY,POST,POSTUNC,RELPOSTUNC
2.53e-08,0.00010828462057865806,0.21993286226129574,
