ENERGY,POST,POSTUNC,RELPOSTUNC
2.53e-08,0.00018765398828568536,0.004510278937095852,
