ENERGY,POST,POSTUNC,RELPOSTUNC
2.53e-08,0.000813576599969057,0.005335199689296122,
