ENERGY,POST,POSTUNC,RELPOSTUNC
2.53e-08,5.104222761342925e-05,0.0059225648423649555,
