ENERGY,POST,POSTUNC,RELPOSTUNC
2.53e-08,6.988044127353987e-06,2.4031070563214834,
