ENERGY,POST,POSTUNC,RELPOSTUNC
2.53e-08,0.07078752773899288,0.9309926137594101,
