ENERGY,POST,POSTUNC,RELPOSTUNC
2.53e-08,-7.819475198456161e-07,0.004885643461170627,
