ENERGY,POST,POSTUNC,RELPOSTUNC
2.53e-08,0.0008351184978037107,0.005335339860245793,
