ENERGY,POST,POSTUNC,RELPOSTUNC
2.53e-08,-7.2753832749405944e-06,0.0060099480685314515,
