ENERGY,POST,POSTUNC,RELPOSTUNC
2.53e-08,2.5014700205439055e-05,0.0045205483120490005,
