ENERGY,POST,POSTUNC,RELPOSTUNC
2.53e-08,-0.0024316626769130822,2.540530526101966,
